RACCT	BAL
0010000001	15600028303.00-
0010100003	10000.00 
0010100005	6464720768.01 
0010100008	2000.00-
0010200001	84199825365.08-
0010200002	11011800000.00-
0010201002	13860720365.00-
0010201005	0.00 
0010201006	33217359656.15-
0010300009	14678735950.00-
0010301004	24995602436.50-
0010301013	66000.00-
0010301021	490000000.00 
0010400001	200100.00-
0010400002	0.00 
0010400005	345990.00-
0010400015	45031558.00-
0010400017	4979227770.40-
0010401001	2213772354.16 
0010401002	503519034.00-
0010401003	5567255370.10-
0010401004	45268486.33-
0010401005	549310.00-
0010401014	1736363.61-
0010401015	306000.00-
0010401016	2850565.37-
0010401018	58949.13 
0010401021	6084.00 
0010401023	0.00 
0010401024	171436718.95 
0010401025	10237691000.00 
0010401026	1729608041.60-
0010401029	500.04-
0010401032	57696954.90 
0010401038	2374945.71-
0010401995	0.00 
0010401999	16154117.48-
0010402005	0.00 
0010402006	19871754.53-
0010403004	25691.13-
0010403013	16590454.48-
0010403014	74181324.18-
0010403015	9000.00 
0010403018	404303.48-
0010403019	166424.37-
0010403020	166424.37-
0010403021	9000.00-
0010403025	250.00-
0010403027	108730.00-
0010403028	48950.00-
0010403029	48900.00-
0010403032	300.00-
0010403034	31488.57-
0010403042	103467.63-
0010403043	256965.09-
0010403044	256965.09-
0010403047	353240.09-
0010403051	160070.00-
0010403052	97195.00-
0010403053	97195.00-
0010403055	232488172.40 
0010403062	346634.00 
0020000001	6050961.32 
0020000004	4681795.75 
0020000005	3230121.58 
0020000006	1372500.00 
0020000007	1184502.34 
0020000008	193796.75 
0020000010	0.00 
0020000011	110000.00-
0020000012	75000.00-
0020000013	5613382.31 
0020000015	10000.00 
0020000016	2888.50 
0020000017	580661.02 
0020000019	704047.51 
0020000024	0.00 
0020100001	597829.46-
0020100004	559586.72-
0020100005	172383.48-
0020100006	26631.95-
0020100007	50159.20-
0020100008	21673.68-
0020100011	54019.90-
0020100013	5000.00-
0020100014	2888.50-
0020100015	20482.11 
0020201001	1725343000.00 
0020201002	1700499999.36 
0020302004	636.00-
0020303002	2650000000.00 
0020303003	100000.00-
0020303011	636.00 
0020303013	86000.00-
0020303032	0.00 
0020303081	5701111.11-
0020303082	4000000.00 
0020303083	1128954818.96-
0020303091	0.00 
0020303092	2253360.00 
0020303101	0.00 
0020303103	3350340.00-
0020303121	396928.00 
0020303122	1939626697.00 
0020303123	1207458225.53-
0020303141	1998419955.04-
0020303142	145381692920.58 
0020303143	13826512815.56-
0020303171	2064430775.80-
0020303172	45177488384.10 
0020303173	9804178707.26-
0020303191	1035000.00-
0020303271	301094.00-
0020303272	200000000.00 
0020303273	7384816.55-
0020303291	10061812.92-
0020303292	7761080000.00 
0020303293	739395.31-
0020303302	95000.00 
0020303311	55000.00-
0020303312	306000.00 
0020303323	50000.00-
0020303332	2374953.71 
0020303363	1986527.07-
0020303995	3524867.00 
0020303996	1994454277.62-
0020303997	204.52-
0020303998	27157.07 
0020303999	165662588.00 
0020304001	0.00 
0020306006	383619.50-
0020306007	84337012.72-
0020306008	1592220.28 
0020306010	0.00 
0020306011	54172996.60-
0020306012	54477888.06-
0020306019	956000.00-
0020306020	7296.04 
0020306022	1726.62 
0020306100	100000.00 
0020400001	41444753.00 
0020400002	8456417.00-
0020400003	345990.00 
0020400005	21493.41-
0020400007	411695.00-
0020400010	170478.96-
0020400011	3153.36-
0020400026	4702.50 
0020402009	2782410.85 
0020403001	50000.00 
0020403005	189096.00 
0020403011	545032665.83 
0020403019	6536959.57 
0020403021	990000.00 
0020403023	65711620.04 
0020403026	0.00 
0020403027	3153.36 
0020403032	25069339.47-
0020403033	607467.55-
0020403036	4394272464.09-
0020403040	4635680.00 
0020403054	162450.86 
0020403055	215974.90 
0020403056	215974.90 
0020403057	1110700.96 
0020403058	23501792.21 
0020403059	23483792.21 
0020403060	6000.00 
0020403061	154516.00 
0020403062	154516.00 
0020403068	326871.72 
0020403069	482920.27 
0020403070	482920.27 
0020403072	729432.16 
0020403073	239848.82 
0020403074	43189.10 
0020403081	180.00-
0020403082	180.00-
0020403088	7080.00 
0020403094	48000.00 
0020403095	157684.52 
0020403096	157684.52 
0020403097	42364.16 
0030000001	512455.22-
0030000004	5847.46-
0030000005	4542.38-
0030000012	2500013.06 
0030000014	28000.00-
0030000017	160000.00 
0030002010	1726.62-
0030002013	5499.96-
0030002014	46606.92 
0030002071	137499.66-
0030100001	2971506.85-
0030100005	36650000.00-
0030100008	30948888.89-
0030101001	1576165.32-
0030101003	0.00 
0030101005	1212977.41-
0030101006	0.00 
0030101008	236462.50-
0030101010	1487394.00 
0030101019	40000.00 
0030102003	25533.00-
0030102004	15886.50-
0030102005	10791.27-
0030102106	1513292.20-
0040000001	488833627.39 
0040000003	702033.90 
0040000004	2389952137.00 
0040001001	125000.00 
0040001002	2031242.19 
0040001004	419610799.89 
0040001005	896097505.24 
0040001006	816592702.62 
0040001007	1000.00 
0040001008	64064590.49 
0040003002	100000.00 
0040003004	627041139.54 
0040004001	68870250.00-
0040004003	20000.00 
0040004004	177334228.62-
0040004005	49862315.79 
0040100001	763000.00 
0040100005	200000.00 
0040100007	106000.00 
0040100008	1000090.00 
0040102004	220000.00 
0040102005	8238190.92 
0040200006	6555212.88 
0040201001	1965340.06 
0040201002	341149.02 
0040201003	1312046.04 
0040201005	892797.79 
0040203003	100000.00 
0040203006	2000.00 
0040205003	109000.00 
0040205006	62844.10 
0040206001	821955.13 
0040206002	1123284.48 
0040207001	360666.67 
0040207002	100000.00 
0040208001	358217.37 
0040208002	151126.00 
0040208003	50000.00 
0040208005	5561503316.00 
0040208008	673955.00 
0040209001	900449.30 
0040209002	1383579.52 
0040210001	25000.00 
0040210002	200000.00 
0040211005	46295.00 
0040213004	1145169.80 
0040213008	1355505.58 
0040213009	10000.00 
0040213013	56218.00 
0040213014	323207.75 
0040214001	987361.53 
0040214002	110000.00 
0040215003	2477390.37 
0040215004	743414.12 
0040215006	18045.32 
0040215011	853889.29 
0040216001	45060371.56 
0040216002	518840.00 
0040216003	100000.00 
0040216004	528.00 
0040216005	121761.50 
0040217011	5389741.60 
0040217016	100.00 
0040217020	5885711.28 
0040217024	16895.00 
0040217120	89178.00 
0040400001	597829.46 
0040400004	526253.39 
0040400005	142986.11 
0040400006	132361.12 
0040400007	52646.32 
0040400008	53026.21 
0040400011	789392.31 
0040400013	5000.00 
0040400014	2888.50 
0040400015	61894.36 
0040500001	1940606.24 
0040500002	7562320.53 
0040500004	712916.67 
0040500005	113421.72 
0040700001	1720500.00 
0050000001	9847458498.04 
0050000010	0.00 
0050000012	533164.00-
0050000014	1028956635.12-
